trigger,micro,shield_rate
AS,0,1.0
AS,1,1.0
AS,2,1.0
AS,3,0.0
AS,4,1.0
AS,5,1.0
AS,6,1.0
AS,7,1.0
AS,8,0.0
AS,9,1.0
AS,10,0.0
AS,11,0.0
AS,12,0.0
AS,13,1.0
AS,14,1.0
AS,15,0.0
AS,16,1.0
AS,17,1.0
AS,18,0.0
AS,19,1.0
AS,20,1.0
AS,21,1.0
AS,22,0.0
AS,23,0.0
AS,24,1.0
AS,25,0.0
AS,26,1.0
AS,27,1.0
AS,28,0.0
AS,29,1.0
AS,30,1.0
AS,31,1.0
AS,32,0.0
AS,33,0.0
AS,34,0.0
AS,35,1.0
AS,36,1.0
AS,37,0.0
AS,38,1.0
AS,39,1.0
AS,40,1.0
AS,41,1.0
AS,42,1.0
AS,43,0.0
AS,44,1.0
AS,45,1.0
AS,46,0.0
AS,47,1.0
AS,48,0.0
AS,49,0.0
AS,50,1.0
AS,51,1.0
AS,52,1.0
AS,53,0.0
AS,54,1.0
AS,55,0.0
AS,56,1.0
AS,57,1.0
AS,58,0.0
AS,59,1.0
AS,60,0.0
AS,61,1.0
AS,62,0.0
AS,63,0.0
AS,64,1.0
AS,65,1.0
AS,66,0.0
AS,67,1.0
AS,68,0.0
AS,69,1.0
AS,70,1.0
AS,71,0.0
AS,72,0.0
AS,73,0.0
AS,74,1.0
AS,75,0.0
AS,76,1.0
AS,77,0.0
AS,78,1.0
AS,79,1.0
AS,80,1.0
AS,81,1.0
AS,82,1.0
AS,83,0.0
AS,84,1.0
AS,85,1.0
AS,86,1.0
AS,87,0.0
AS,88,1.0
AS,89,0.0
AS,90,1.0
AS,91,0.0
AS,92,1.0
AS,93,1.0
AS,94,1.0
AS,95,0.0
AS,96,1.0
AS,97,1.0
AS,98,1.0
AS,99,0.0
AS,100,1.0
AS,101,0.0
AS,102,0.0
AS,103,1.0
AS,104,1.0
AS,105,1.0
AS,106,1.0
AS,107,1.0
AS,108,1.0
AS,109,1.0
AS,110,1.0
AS,111,0.0
AS,112,1.0
AS,113,1.0
AS,114,1.0
AS,115,1.0
AS,116,0.0
AS,117,1.0
AS,118,0.0
AS,119,1.0
AS,120,1.0
AS,121,1.0
AS,122,0.0
AS,123,1.0
AS,124,0.0
AS,125,0.0
AS,126,1.0
AS,127,1.0
AS,128,1.0
AS,129,1.0
AS,130,1.0
AS,131,1.0
AS,132,0.0
AS,133,1.0
AS,134,1.0
AS,135,0.0
AS,136,0.0
AS,137,1.0
AS,138,1.0
AS,139,1.0
AS,140,0.0
AS,141,1.0
AS,142,0.0
AS,143,1.0
AS,144,1.0
AS,145,1.0
AS,146,0.0
AS,147,0.0
AS,148,1.0
AS,149,1.0
AS,150,1.0
AS,151,1.0
AS,152,0.0
AS,153,1.0
AS,154,1.0
AS,155,1.0
AS,156,1.0
AS,157,1.0
AS,158,1.0
AS,159,1.0
AS,160,0.0
AS,161,0.0
AS,162,1.0
AS,163,1.0
AS,164,0.0
AS,165,0.0
AS,166,1.0
AS,167,0.0
AS,168,1.0
AS,169,0.0
AS,170,0.0
AS,171,0.0
AS,172,1.0
AS,173,1.0
AS,174,1.0
AS,175,0.0
AS,176,0.0
AS,177,0.0
AS,178,1.0
AS,179,1.0
AS,180,1.0
AS,181,1.0
AS,182,0.0
AS,183,1.0
AS,184,1.0
AS,185,1.0
AS,186,1.0
AS,187,1.0
AS,188,1.0
AS,189,0.0
AS,190,1.0
AS,191,0.0
AS,192,1.0
AS,193,0.0
AS,194,0.0
AS,195,0.0
AS,196,0.0
AS,197,1.0
AS,198,0.0
AS,199,1.0
AS,200,1.0
AS,201,1.0
AS,202,1.0
AS,203,1.0
AS,204,1.0
AS,205,1.0
AS,206,1.0
AS,207,0.0
AS,208,1.0
AS,209,0.0
AS,210,1.0
AS,211,1.0
AS,212,1.0
AS,213,1.0
AS,214,1.0
AS,215,1.0
AS,216,0.0
AS,217,1.0
AS,218,0.0
AS,219,1.0
AS,220,0.0
AS,221,1.0
AS,222,1.0
AS,223,1.0
AS,224,0.0
AS,225,0.0
AS,226,1.0
AS,227,1.0
AS,228,1.0
AS,229,0.0
AS,230,1.0
AS,231,1.0
AS,232,1.0
AS,233,1.0
AS,234,1.0
AS,235,1.0
AS,236,1.0
AS,237,1.0
AS,238,0.0
AS,239,1.0
AS,240,0.0
AS,241,0.0
AS,242,1.0
AS,243,0.0
AS,244,1.0
AS,245,1.0
AS,246,1.0
AS,247,0.0
AS,248,1.0
AS,249,1.0
AS,250,1.0
AS,251,1.0
AS,252,1.0
AS,253,0.0
AS,254,0.0
AS,255,1.0
AS,256,1.0
AS,257,1.0
AS,258,1.0
AS,259,0.0
AS,260,1.0
AS,261,0.0
AS,262,0.0
AS,263,1.0
AS,264,1.0
AS,265,0.0
AS,266,1.0
AS,267,1.0
AS,268,1.0
AS,269,1.0
AS,270,0.0
AS,271,1.0
AS,272,1.0
AS,273,1.0
AS,274,1.0
AS,275,0.0
AS,276,0.0
AS,277,1.0
AS,278,0.0
AS,279,1.0
AS,280,1.0
AS,281,0.0
AS,282,0.0
AS,283,1.0
AS,284,1.0
AS,285,1.0
AS,286,0.0
AS,287,1.0
AS,288,0.0
AS,289,0.0
AS,290,0.0
AS,291,1.0
AS,292,0.0
AS,293,0.0
AS,294,1.0
AS,295,1.0
AS,296,1.0
AS,297,0.0
AS,298,1.0
AS,299,0.0
AS,300,1.0
AS,301,1.0
AS,302,1.0
AS,303,0.0
AS,304,1.0
AS,305,1.0
AS,306,0.0
AS,307,0.0
AS,308,0.0
AS,309,1.0
AS,310,1.0
AS,311,1.0
AS,312,0.0
AS,313,1.0
AS,314,1.0
AS,315,0.0
AS,316,1.0
AS,317,1.0
AS,318,1.0
AS,319,0.0
AS,320,0.0
AS,321,0.0
AS,322,1.0
AS,323,0.0
AS,324,1.0
AS,325,0.0
AS,326,1.0
AS,327,1.0
AS,328,1.0
AS,329,1.0
AS,330,1.0
AS,331,0.0
AS,332,0.0
AS,333,1.0
AS,334,0.0
AS,335,1.0
AS,336,1.0
AS,337,0.0
AS,338,1.0
AS,339,1.0
AS,340,0.0
AS,341,1.0
AS,342,1.0
AS,343,1.0
AS,344,0.0
AS,345,1.0
AS,346,1.0
AS,347,0.0
AS,348,1.0
AS,349,1.0
AS,350,1.0
AS,351,0.0
AS,352,1.0
AS,353,0.0
AS,354,1.0
AS,355,0.0
AS,356,0.0
AS,357,1.0
AS,358,0.0
AS,359,1.0
AS,360,0.0
AS,361,0.0
AS,362,1.0
AS,363,1.0
AS,364,0.0
AS,365,0.0
AS,366,1.0
AS,367,0.0
AS,368,1.0
AS,369,1.0
AS,370,0.0
AS,371,1.0
AS,372,1.0
AS,373,1.0
AS,374,1.0
AS,375,0.0
AS,376,1.0
AS,377,1.0
AS,378,1.0
AS,379,1.0
AS,380,1.0
AS,381,0.0
AS,382,0.0
AS,383,1.0
AS,384,1.0
AS,385,1.0
AS,386,0.0
AS,387,0.0
AS,388,0.0
AS,389,1.0
AS,390,1.0
AS,391,1.0
AS,392,1.0
AS,393,1.0
AS,394,1.0
AS,395,1.0
AS,396,0.0
AS,397,1.0
AS,398,0.0
AS,399,1.0
AS,400,0.0
AS,401,0.0
AS,402,0.0
AS,403,1.0
AS,404,1.0
AS,405,1.0
AS,406,1.0
AS,407,0.0
AS,408,0.0
AS,409,1.0
AS,410,1.0
AS,411,1.0
AS,412,0.0
AS,413,0.0
AS,414,1.0
AS,415,0.0
AS,416,1.0
AS,417,1.0
AS,418,1.0
AS,419,1.0
AS,420,1.0
AS,421,1.0
AS,422,0.0
AS,423,1.0
AS,424,1.0
AS,425,1.0
AS,426,1.0
AS,427,0.0
AS,428,1.0
AS,429,0.0
AS,430,1.0
AS,431,0.0
AS,432,1.0
AS,433,0.0
AS,434,0.0
AS,435,1.0
AS,436,0.0
AS,437,1.0
AS,438,1.0
AS,439,1.0
AS,440,1.0
AS,441,1.0
AS,442,0.0
AS,443,0.0
AS,444,1.0
AS,445,0.0
AS,446,0.0
AS,447,0.0
AS,448,1.0
AS,449,1.0
AS,450,0.0
AS,451,0.0
AS,452,1.0
AS,453,0.0
AS,454,1.0
AS,455,0.0
AS,456,0.0
AS,457,0.0
AS,458,1.0
AS,459,0.0
AS,460,1.0
AS,461,1.0
AS,462,1.0
AS,463,1.0
AS,464,1.0
AS,465,1.0
AS,466,1.0
AS,467,1.0
AS,468,1.0
AS,469,0.0
AS,470,1.0
AS,471,1.0
AS,472,1.0
AS,473,1.0
AS,474,0.0
AS,475,1.0
AS,476,0.0
AS,477,1.0
AS,478,1.0
AS,479,1.0
AS,480,1.0
AS,481,1.0
AS,482,0.0
AS,483,0.0
AS,484,0.0
AS,485,1.0
AS,486,1.0
AS,487,1.0
AS,488,1.0
AS,489,0.0
AS,490,0.0
AS,491,1.0
AS,492,1.0
AS,493,1.0
AS,494,1.0
AS,495,0.0
AS,496,1.0
AS,497,0.0
AS,498,1.0
AS,499,0.0
AS,500,1.0
AS,501,1.0
AS,502,1.0
AS,503,1.0
AS,504,1.0
AS,505,1.0
AS,506,1.0
AS,507,1.0
AS,508,1.0
AS,509,0.0
AS,510,0.0
AS,511,1.0
AS,512,0.0
AS,513,1.0
AS,514,0.0
AS,515,0.0
AS,516,1.0
AS,517,1.0
AS,518,1.0
AS,519,0.0
AS,520,1.0
AS,521,1.0
AS,522,1.0
AS,523,1.0
AS,524,1.0
AS,525,1.0
AS,526,1.0
AS,527,1.0
AS,528,1.0
AS,529,1.0
AS,530,1.0
AS,531,1.0
AS,532,1.0
AS,533,1.0
AS,534,1.0
AS,535,1.0
AS,536,1.0
AS,537,1.0
AS,538,0.0
AS,539,1.0
AS,540,1.0
AS,541,1.0
AS,542,1.0
AS,543,1.0
AS,544,1.0
AS,545,1.0
AS,546,0.0
AS,547,1.0
AS,548,1.0
AS,549,0.0
AS,550,1.0
AS,551,1.0
AS,552,1.0
AS,553,1.0
AS,554,1.0
AS,555,1.0
AS,556,1.0
AS,557,1.0
AS,558,0.0
AS,559,1.0
AS,560,1.0
AS,561,0.0
AS,562,1.0
AS,563,0.0
AS,564,1.0
AS,565,1.0
AS,566,0.0
AS,567,0.0
AS,568,0.0
AS,569,0.0
AS,570,1.0
AS,571,1.0
AS,572,1.0
AS,573,1.0
AS,574,1.0
AS,575,0.0
AS,576,0.0
AS,577,1.0
AS,578,1.0
AS,579,1.0
AS,580,0.0
AS,581,0.0
AS,582,0.0
AS,583,0.0
AS,584,1.0
AS,585,1.0
AS,586,0.0
AS,587,0.0
AS,588,0.0
AS,589,0.0
AS,590,0.0
AS,591,0.0
AS,592,0.0
AS,593,1.0
AS,594,0.0
AS,595,0.0
AS,596,1.0
AS,597,1.0
AS,598,0.0
AS,599,0.0
AS,600,1.0
AS,601,0.0
AS,602,1.0
AS,603,1.0
AS,604,1.0
AS,605,0.0
AS,606,1.0
AS,607,1.0
AS,608,0.0
AS,609,0.0
AS,610,1.0
AS,611,1.0
AS,612,1.0
AS,613,0.0
AS,614,0.0
AS,615,0.0
AS,616,1.0
AS,617,1.0
AS,618,1.0
AS,619,0.0
AS,620,0.0
AS,621,0.0
AS,622,0.0
AS,623,1.0
AS,624,1.0
AS,625,1.0
AS,626,1.0
AS,627,0.0
AS,628,1.0
AS,629,1.0
AS,630,1.0
AS,631,1.0
AS,632,1.0
AS,633,0.0
AS,634,1.0
AS,635,1.0
AS,636,1.0
AS,637,1.0
AS,638,1.0
AS,639,1.0
AS,640,1.0
AS,641,1.0
AS,642,1.0
AS,643,1.0
AS,644,1.0
AS,645,1.0
AS,646,1.0
AS,647,1.0
AS,648,1.0
AS,649,1.0
AS,650,1.0
AS,651,1.0
AS,652,1.0
AS,653,0.0
AS,654,1.0
AS,655,1.0
AS,656,1.0
AS,657,1.0
AS,658,1.0
AS,659,1.0
AS,660,1.0
AS,661,1.0
AS,662,0.0
AS,663,1.0
AS,664,1.0
AS,665,0.0
AS,666,0.0
AS,667,1.0
AS,668,1.0
AS,669,1.0
AS,670,0.0
AS,671,1.0
AS,672,1.0
AS,673,1.0
AS,674,1.0
AS,675,1.0
AS,676,1.0
AS,677,1.0
AS,678,1.0
AS,679,1.0
AS,680,1.0
AS,681,0.0
AS,682,1.0
AS,683,1.0
AS,684,1.0
AS,685,0.0
AS,686,1.0
AS,687,1.0
AS,688,0.0
AS,689,0.0
AS,690,1.0
AS,691,1.0
AS,692,0.0
AS,693,1.0
AS,694,1.0
AS,695,1.0
AS,696,1.0
AS,697,0.0
AS,698,0.0
AS,699,0.0
AS,700,1.0
AS,701,1.0
AS,702,0.0
AS,703,0.0
AS,704,1.0
AS,705,1.0
AS,706,1.0
AS,707,1.0
AS,708,0.0
AS,709,1.0
AS,710,0.0
AS,711,1.0
AS,712,1.0
AS,713,1.0
AS,714,1.0
AS,715,1.0
AS,716,1.0
AS,717,1.0
AS,718,1.0
AS,719,0.0
AS,720,1.0
AS,721,1.0
AS,722,0.0
AS,723,1.0
AS,724,1.0
AS,725,0.0
AS,726,1.0
AS,727,1.0
AS,728,0.0
AS,729,1.0
AS,730,0.0
AS,731,1.0
AS,732,1.0
AS,733,1.0
AS,734,1.0
AS,735,1.0
AS,736,0.0
AS,737,0.0
AS,738,1.0
AS,739,0.0
AS,740,1.0
AS,741,0.0
AS,742,1.0
AS,743,1.0
AS,744,1.0
AS,745,1.0
AS,746,1.0
AS,747,1.0
AS,748,1.0
AS,749,1.0
AS,750,0.0
AS,751,0.0
AS,752,0.0
AS,753,0.0
AS,754,0.0
AS,755,1.0
AS,756,1.0
AS,757,1.0
AS,758,0.0
AS,759,1.0
AS,760,1.0
AS,761,1.0
AS,762,1.0
AS,763,1.0
AS,764,1.0
AS,765,1.0
AS,766,1.0
AS,767,0.0
AS,768,1.0
AS,769,1.0
AS,770,1.0
AS,771,0.0
AS,772,1.0
AS,773,0.0
AS,774,0.0
AS,775,1.0
AS,776,1.0
AS,777,1.0
AS,778,0.0
AS,779,0.0
AS,780,1.0
AS,781,1.0
AS,782,1.0
AS,783,0.0
AS,784,1.0
AS,785,0.0
AS,786,1.0
AS,787,1.0
AS,788,1.0
AS,789,0.0
AS,790,1.0
AS,791,0.0
AS,792,1.0
AS,793,0.0
AS,794,0.0
AS,795,1.0
AS,796,0.0
AS,797,0.0
AS,798,1.0
AS,799,1.0
AS,800,0.0
AS,801,1.0
AS,802,1.0
AS,803,1.0
AS,804,0.0
AS,805,1.0
AS,806,1.0
AS,807,1.0
AS,808,1.0
AS,809,0.0
AS,810,1.0
AS,811,0.0
AS,812,1.0
AS,813,0.0
AS,814,1.0
AS,815,1.0
AS,816,1.0
AS,817,1.0
AS,818,1.0
AS,819,1.0
AS,820,1.0
AS,821,1.0
AS,822,1.0
AS,823,1.0
AS,824,1.0
AS,825,0.0
AS,826,0.0
AS,827,1.0
AS,828,1.0
AS,829,1.0
AS,830,0.0
AS,831,0.0
AS,832,0.0
AS,833,1.0
AS,834,1.0
AS,835,1.0
AS,836,1.0
AS,837,1.0
AS,838,0.0
AS,839,1.0
AS,840,0.0
AS,841,0.0
AS,842,1.0
AS,843,0.0
AS,844,1.0
AS,845,0.0
AS,846,0.0
AS,847,1.0
AS,848,1.0
AS,849,1.0
AS,850,1.0
AS,851,0.0
AS,852,0.0
AS,853,1.0
AS,854,1.0
AS,855,1.0
AS,856,1.0
AS,857,1.0
AS,858,1.0
AS,859,1.0
AS,860,1.0
AS,861,0.0
AS,862,1.0
AS,863,1.0
AS,864,1.0
AS,865,1.0
AS,866,1.0
AS,867,0.0
AS,868,1.0
AS,869,1.0
AS,870,1.0
AS,871,0.0
AS,872,0.0
AS,873,1.0
AS,874,0.0
AS,875,1.0
AS,876,0.0
AS,877,1.0
AS,878,0.0
AS,879,1.0
AS,880,1.0
AS,881,1.0
AS,882,1.0
AS,883,1.0
AS,884,0.0
AS,885,1.0
AS,886,0.0
AS,887,1.0
AS,888,1.0
AS,889,1.0
AS,890,1.0
AS,891,1.0
AS,892,1.0
AS,893,1.0
AS,894,1.0
AS,895,1.0
AS,896,1.0
AS,897,1.0
AS,898,1.0
AS,899,0.0
AS,900,0.0
AS,901,1.0
AS,902,0.0
AS,903,1.0
AS,904,1.0
AS,905,0.0
AS,906,0.0
AS,907,1.0
AS,908,0.0
AS,909,0.0
AS,910,1.0
AS,911,0.0
AS,912,1.0
AS,913,1.0
AS,914,1.0
AS,915,1.0
AS,916,1.0
AS,917,1.0
AS,918,1.0
AS,919,0.0
AS,920,0.0
AS,921,0.0
AS,922,1.0
AS,923,1.0
AS,924,1.0
AS,925,0.0
AS,926,0.0
AS,927,1.0
AS,928,1.0
AS,929,1.0
HT,0,1.0
HT,1,0.0
HT,2,1.0
HT,3,1.0
HT,4,1.0
HT,5,1.0
HT,6,1.0
HT,7,0.0
HT,8,1.0
HT,9,0.0
HT,10,1.0
HT,11,0.0
HT,12,1.0
HT,13,1.0
HT,14,0.0
HT,15,1.0
HT,16,1.0
HT,17,1.0
HT,18,1.0
HT,19,1.0
HT,20,0.0
HT,21,1.0
HT,22,1.0
HT,23,0.0
HT,24,1.0
HT,25,1.0
HT,26,1.0
HT,27,0.0
HT,28,1.0
HT,29,0.0
HT,30,1.0
HT,31,1.0
HT,32,0.0
HT,33,1.0
HT,34,0.0
HT,35,1.0
HT,36,0.0
HT,37,0.0
HT,38,1.0
HT,39,0.0
HT,40,1.0
HT,41,0.0
HT,42,1.0
HT,43,0.0
HT,44,0.0
HT,45,1.0
HT,46,0.0
HT,47,0.0
HT,48,1.0
HT,49,0.0
HT,50,0.0
HT,51,0.0
HT,52,1.0
HT,53,1.0
HT,54,1.0
HT,55,1.0
HT,56,1.0
HT,57,1.0
HT,58,0.0
HT,59,1.0
HT,60,1.0
HT,61,1.0
HT,62,1.0
HT,63,0.0
HT,64,1.0
HT,65,0.0
HT,66,1.0
HT,67,0.0
HT,68,0.0
HT,69,0.0
HT,70,1.0
HT,71,0.0
HT,72,1.0
HT,73,0.0
HT,74,1.0
HT,75,0.0
HT,76,1.0
HT,77,1.0
HT,78,0.0
HT,79,0.0
HT,80,1.0
HT,81,1.0
HT,82,0.0
HT,83,1.0
HT,84,1.0
HT,85,1.0
HT,86,0.0
HT,87,1.0
HT,88,1.0
HT,89,0.0
HT,90,0.0
HT,91,1.0
HT,92,0.0
HT,93,1.0
HT,94,1.0
HT,95,0.0
HT,96,0.0
HT,97,1.0
HT,98,1.0
HT,99,1.0
HT,100,1.0
HT,101,1.0
HT,102,1.0
HT,103,1.0
HT,104,1.0
HT,105,0.0
HT,106,1.0
HT,107,1.0
HT,108,1.0
HT,109,0.0
HT,110,1.0
HT,111,0.0
HT,112,1.0
HT,113,1.0
HT,114,0.0
HT,115,1.0
HT,116,0.0
HT,117,1.0
HT,118,0.0
HT,119,1.0
HT,120,1.0
HT,121,1.0
HT,122,0.0
HT,123,0.0
HT,124,0.0
HT,125,0.0
HT,126,0.0
HT,127,1.0
HT,128,0.0
HT,129,1.0
HT,130,1.0
HT,131,0.0
HT,132,0.0
HT,133,0.0
HT,134,1.0
HT,135,0.0
HT,136,0.0
HT,137,0.0
HT,138,1.0
HT,139,1.0
HT,140,1.0
HT,141,0.0
HT,142,1.0
HT,143,1.0
HT,144,1.0
HT,145,1.0
HT,146,1.0
HT,147,1.0
HT,148,1.0
HT,149,0.0
HT,150,1.0
HT,151,1.0
HT,152,1.0
HT,153,1.0
HT,154,1.0
HT,155,1.0
HT,156,0.0
HT,157,1.0
HT,158,1.0
HT,159,1.0
HT,160,1.0
HT,161,1.0
HT,162,1.0
HT,163,1.0
HT,164,0.0
HT,165,1.0
HT,166,1.0
HT,167,1.0
HT,168,1.0
HT,169,1.0
HT,170,1.0
HT,171,1.0
HT,172,1.0
HT,173,1.0
HT,174,0.0
HT,175,1.0
HT,176,1.0
HT,177,0.0
HT,178,1.0
HT,179,1.0
HT,180,1.0
HT,181,1.0
HT,182,0.0
HT,183,1.0
HT,184,1.0
HT,185,1.0
HT,186,0.0
HT,187,1.0
HT,188,1.0
HT,189,1.0
HT,190,0.0
HT,191,1.0
HT,192,1.0
HT,193,1.0
HT,194,0.0
HT,195,1.0
HT,196,1.0
HT,197,1.0
HT,198,1.0
HT,199,1.0
HT,200,0.0
HT,201,1.0
HT,202,0.0
HT,203,1.0
HT,204,0.0
HT,205,0.0
HT,206,0.0
HT,207,0.0
HT,208,0.0
HT,209,0.0
HT,210,0.0
HT,211,0.0
HT,212,1.0
HT,213,1.0
HT,214,1.0
HT,215,0.0
HT,216,1.0
HT,217,0.0
HT,218,0.0
HT,219,1.0
HT,220,1.0
HT,221,1.0
HT,222,1.0
HT,223,1.0
HT,224,1.0
HT,225,0.0
HT,226,1.0
HT,227,0.0
HT,228,1.0
HT,229,1.0
HT,230,1.0
HT,231,1.0
HT,232,0.0
HT,233,1.0
HT,234,1.0
HT,235,0.0
HT,236,1.0
HT,237,1.0
HT,238,1.0
HT,239,1.0
HT,240,1.0
HT,241,1.0
HT,242,1.0
HT,243,0.0
HT,244,1.0
HT,245,1.0
HT,246,1.0
HT,247,0.0
HT,248,1.0
HT,249,0.0
HT,250,1.0
HT,251,1.0
HT,252,0.0
HT,253,0.0
HT,254,0.0
HT,255,0.0
HT,256,1.0
HT,257,1.0
HT,258,0.0
HT,259,0.0
HT,260,1.0
HT,261,0.0
HT,262,0.0
HT,263,1.0
HT,264,0.0
HT,265,1.0
HT,266,0.0
HT,267,1.0
HT,268,0.0
HT,269,0.0
HT,270,1.0
HT,271,1.0
HT,272,1.0
HT,273,1.0
HT,274,1.0
HT,275,0.0
HT,276,0.0
HT,277,1.0
HT,278,1.0
HT,279,0.0
HT,280,1.0
HT,281,1.0
HT,282,1.0
HT,283,1.0
HT,284,1.0
HT,285,1.0
HT,286,0.0
HT,287,1.0
HT,288,1.0
HT,289,1.0
HT,290,1.0
HT,291,1.0
HT,292,1.0
HT,293,0.0
HT,294,0.0
HT,295,1.0
HT,296,1.0
HT,297,0.0
HT,298,0.0
HT,299,1.0
HT,300,1.0
HT,301,1.0
HT,302,0.0
HT,303,0.0
HT,304,1.0
HT,305,1.0
HT,306,1.0
HT,307,1.0
HT,308,1.0
HT,309,0.0
HT,310,1.0
HT,311,1.0
HT,312,0.0
HT,313,0.0
HT,314,1.0
HT,315,1.0
HT,316,1.0
HT,317,1.0
HT,318,1.0
HT,319,0.0
HT,320,0.0
HT,321,0.0
HT,322,1.0
HT,323,1.0
HT,324,1.0
HT,325,1.0
HT,326,1.0
HT,327,1.0
HT,328,1.0
HT,329,0.0
HT,330,0.0
HT,331,0.0
HT,332,0.0
HT,333,1.0
HT,334,0.0
HT,335,1.0
HT,336,1.0
HT,337,1.0
HT,338,0.0
HT,339,1.0
HT,340,1.0
HT,341,0.0
HT,342,1.0
HT,343,0.0
HT,344,1.0
HT,345,1.0
HT,346,1.0
HT,347,1.0
HT,348,1.0
HT,349,1.0
HT,350,0.0
HT,351,0.0
HT,352,0.0
HT,353,1.0
HT,354,1.0
HT,355,1.0
HT,356,1.0
HT,357,0.0
HT,358,1.0
HT,359,1.0
HT,360,1.0
HT,361,1.0
HT,362,0.0
HT,363,1.0
HT,364,1.0
HT,365,1.0
HT,366,1.0
HT,367,0.0
HT,368,0.0
HT,369,1.0
HT,370,0.0
HT,371,0.0
HT,372,1.0
HT,373,0.0
HT,374,1.0
HT,375,0.0
HT,376,1.0
HT,377,1.0
HT,378,1.0
HT,379,1.0
HT,380,1.0
HT,381,0.0
HT,382,1.0
HT,383,0.0
HT,384,0.0
HT,385,0.0
HT,386,1.0
HT,387,0.0
HT,388,1.0
HT,389,1.0
HT,390,1.0
HT,391,0.0
HT,392,1.0
HT,393,0.0
HT,394,1.0
HT,395,1.0
HT,396,0.0
HT,397,0.0
HT,398,0.0
HT,399,1.0
HT,400,1.0
HT,401,1.0
HT,402,1.0
HT,403,1.0
HT,404,1.0
HT,405,0.0
HT,406,1.0
HT,407,1.0
HT,408,1.0
HT,409,1.0
HT,410,1.0
HT,411,0.0
HT,412,1.0
HT,413,1.0
HT,414,0.0
HT,415,1.0
HT,416,1.0
HT,417,1.0
HT,418,1.0
HT,419,1.0
HT,420,1.0
HT,421,1.0
HT,422,1.0
HT,423,1.0
HT,424,0.0
HT,425,1.0
HT,426,0.0
HT,427,1.0
HT,428,0.0
HT,429,1.0
HT,430,1.0
HT,431,1.0
HT,432,0.0
HT,433,0.0
HT,434,0.0
HT,435,1.0
HT,436,0.0
HT,437,0.0
HT,438,1.0
HT,439,0.0
HT,440,1.0
HT,441,1.0
HT,442,0.0
HT,443,1.0
HT,444,1.0
HT,445,1.0
HT,446,1.0
HT,447,1.0
HT,448,1.0
HT,449,1.0
HT,450,1.0
HT,451,1.0
HT,452,1.0
HT,453,1.0
HT,454,0.0
HT,455,0.0
HT,456,1.0
HT,457,0.0
HT,458,1.0
HT,459,1.0
HT,460,1.0
HT,461,0.0
HT,462,1.0
HT,463,0.0
HT,464,1.0
HT,465,1.0
HT,466,1.0
HT,467,1.0
HT,468,1.0
HT,469,1.0
HT,470,1.0
HT,471,1.0
HT,472,0.0
HT,473,1.0
HT,474,1.0
HT,475,0.0
HT,476,0.0
HT,477,1.0
HT,478,1.0
HT,479,1.0
HT,480,0.0
HT,481,1.0
HT,482,0.0
HT,483,0.0
HT,484,0.0
HT,485,1.0
HT,486,1.0
HT,487,0.0
HT,488,1.0
HT,489,0.0
HT,490,0.0
HT,491,1.0
HT,492,1.0
HT,493,0.0
HT,494,0.0
HT,495,0.0
HT,496,0.0
HT,497,1.0
HT,498,1.0
HT,499,0.0
HT,500,0.0
HT,501,0.0
HT,502,1.0
HT,503,0.0
HT,504,1.0
HT,505,1.0
HT,506,0.0
HT,507,1.0
HT,508,0.0
HT,509,0.0
HT,510,1.0
HT,511,1.0
HT,512,1.0
HT,513,1.0
HT,514,1.0
HT,515,1.0
HT,516,1.0
HT,517,1.0
HT,518,1.0
HT,519,1.0
HT,520,1.0
HT,521,1.0
HT,522,1.0
HT,523,1.0
HT,524,1.0
HT,525,0.0
HT,526,1.0
HT,527,1.0
HT,528,1.0
HT,529,0.0
HT,530,0.0
HT,531,0.0
HT,532,1.0
HT,533,1.0
HT,534,0.0
HT,535,1.0
HT,536,1.0
HT,537,1.0
HT,538,1.0
HT,539,0.0
HT,540,0.0
HT,541,1.0
HT,542,1.0
HT,543,1.0
HT,544,1.0
HT,545,1.0
HT,546,0.0
HT,547,1.0
HT,548,1.0
HT,549,1.0
HT,550,1.0
HT,551,0.0
HT,552,0.0
HT,553,1.0
HT,554,1.0
HT,555,1.0
HT,556,0.0
HT,557,1.0
HT,558,1.0
HT,559,1.0
HT,560,1.0
HT,561,0.0
HT,562,0.0
HT,563,0.0
HT,564,1.0
HT,565,0.0
HT,566,0.0
HT,567,1.0
HT,568,1.0
HT,569,0.0
HT,570,1.0
HT,571,0.0
HT,572,1.0
HT,573,0.0
HT,574,1.0
HT,575,1.0
HT,576,1.0
HT,577,1.0
HT,578,0.0
HT,579,1.0
HT,580,0.0
HT,581,1.0
HT,582,0.0
HT,583,1.0
HT,584,1.0
HT,585,1.0
HT,586,0.0
HT,587,1.0
HT,588,1.0
HT,589,0.0
HT,590,1.0
HT,591,1.0
HT,592,1.0
HT,593,1.0
HT,594,1.0
HT,595,1.0
HT,596,1.0
HT,597,0.0
HT,598,0.0
HT,599,1.0
HT,600,0.0
HT,601,1.0
HT,602,1.0
HT,603,1.0
HT,604,1.0
HT,605,0.0
HT,606,0.0
HT,607,0.0
HT,608,1.0
HT,609,1.0
HT,610,1.0
HT,611,1.0
HT,612,1.0
HT,613,0.0
HT,614,0.0
HT,615,1.0
HT,616,0.0
HT,617,1.0
HT,618,0.0
HT,619,0.0
HT,620,0.0
HT,621,1.0
HT,622,1.0
HT,623,0.0
HT,624,1.0
HT,625,1.0
HT,626,1.0
HT,627,1.0
HT,628,1.0
HT,629,1.0
HT,630,1.0
HT,631,1.0
HT,632,0.0
HT,633,1.0
HT,634,0.0
HT,635,0.0
HT,636,1.0
HT,637,0.0
HT,638,0.0
HT,639,1.0
HT,640,1.0
HT,641,1.0
HT,642,0.0
HT,643,0.0
HT,644,1.0
HT,645,1.0
HT,646,1.0
HT,647,0.0
HT,648,0.0
HT,649,0.0
HT,650,1.0
HT,651,1.0
HT,652,1.0
HT,653,0.0
HT,654,1.0
HT,655,0.0
HT,656,0.0
HT,657,1.0
HT,658,1.0
HT,659,1.0
HT,660,0.0
HT,661,1.0
HT,662,1.0
HT,663,0.0
HT,664,1.0
HT,665,1.0
HT,666,1.0
HT,667,1.0
HT,668,1.0
HT,669,1.0
HT,670,0.0
HT,671,0.0
HT,672,1.0
HT,673,1.0
HT,674,1.0
HT,675,1.0
HT,676,1.0
HT,677,1.0
HT,678,0.0
HT,679,1.0
HT,680,1.0
HT,681,1.0
HT,682,0.0
HT,683,1.0
HT,684,0.0
HT,685,1.0
HT,686,1.0
HT,687,1.0
HT,688,1.0
HT,689,1.0
HT,690,0.0
HT,691,1.0
HT,692,1.0
HT,693,1.0
HT,694,1.0
HT,695,1.0
HT,696,0.0
HT,697,0.0
HT,698,1.0
HT,699,1.0
HT,700,0.0
HT,701,0.0
HT,702,1.0
HT,703,1.0
HT,704,1.0
HT,705,1.0
HT,706,0.0
HT,707,1.0
HT,708,0.0
HT,709,1.0
HT,710,1.0
HT,711,1.0
HT,712,0.0
HT,713,0.0
HT,714,1.0
HT,715,0.0
HT,716,1.0
HT,717,1.0
HT,718,0.0
HT,719,1.0
HT,720,1.0
HT,721,1.0
HT,722,0.0
HT,723,1.0
HT,724,1.0
HT,725,1.0
HT,726,1.0
HT,727,1.0
HT,728,1.0
HT,729,1.0
HT,730,0.0
HT,731,0.0
HT,732,1.0
HT,733,1.0
HT,734,1.0
HT,735,1.0
HT,736,1.0
HT,737,0.0
HT,738,1.0
HT,739,0.0
HT,740,0.0
HT,741,0.0
HT,742,1.0
HT,743,0.0
HT,744,1.0
HT,745,1.0
HT,746,1.0
HT,747,1.0
HT,748,1.0
HT,749,1.0
HT,750,1.0
HT,751,0.0
HT,752,1.0
HT,753,0.0
HT,754,1.0
HT,755,1.0
HT,756,1.0
HT,757,1.0
HT,758,0.0
HT,759,1.0
HT,760,0.0
HT,761,1.0
HT,762,1.0
HT,763,1.0
HT,764,1.0
HT,765,1.0
HT,766,0.0
HT,767,1.0
HT,768,1.0
HT,769,1.0
HT,770,0.0
HT,771,1.0
HT,772,1.0
HT,773,1.0
HT,774,1.0
HT,775,1.0
HT,776,1.0
HT,777,1.0
HT,778,0.0
HT,779,1.0
HT,780,1.0
HT,781,1.0
HT,782,1.0
HT,783,1.0
HT,784,0.0
HT,785,1.0
HT,786,0.0
HT,787,0.0
HT,788,0.0
HT,789,1.0
HT,790,0.0
HT,791,0.0
HT,792,1.0
HT,793,0.0
HT,794,1.0
HT,795,0.0
HT,796,1.0
HT,797,1.0
HT,798,0.0
HT,799,1.0
HT,800,1.0
HT,801,1.0
HT,802,1.0
HT,803,1.0
HT,804,1.0
HT,805,1.0
HT,806,1.0
HT,807,1.0
HT,808,1.0
HT,809,1.0
HT,810,0.0
HT,811,1.0
HT,812,1.0
HT,813,0.0
HT,814,1.0
HT,815,1.0
HT,816,1.0
HT,817,1.0
HT,818,1.0
HT,819,1.0
HT,820,1.0
HT,821,0.0
HT,822,1.0
HT,823,0.0
HT,824,1.0
HT,825,0.0
HT,826,1.0
HT,827,0.0
HT,828,1.0
HT,829,0.0
HT,830,0.0
HT,831,0.0
HT,832,0.0
HT,833,1.0
HT,834,1.0
HT,835,0.0
HT,836,1.0
HT,837,1.0
HT,838,1.0
HT,839,1.0
HT,840,1.0
HT,841,0.0
HT,842,1.0
HT,843,1.0
HT,844,1.0
HT,845,1.0
HT,846,1.0
HT,847,0.0
HT,848,0.0
HT,849,1.0
HT,850,0.0
HT,851,1.0
HT,852,0.0
HT,853,0.0
HT,854,1.0
HT,855,1.0
HT,856,1.0
HT,857,1.0
HT,858,0.0
HT,859,1.0
HT,860,0.0
HT,861,1.0
HT,862,1.0
HT,863,0.0
HT,864,1.0
HT,865,0.0
HT,866,1.0
HT,867,1.0
HT,868,1.0
HT,869,0.0
HT,870,1.0
HT,871,1.0
HT,872,1.0
HT,873,0.0
HT,874,0.0
HT,875,1.0
HT,876,1.0
HT,877,1.0
HT,878,1.0
HT,879,0.0
HT,880,1.0
HT,881,1.0
HT,882,0.0
HT,883,0.0
HT,884,0.0
HT,885,0.0
HT,886,1.0
HT,887,1.0
HT,888,0.0
HT,889,1.0
HT,890,0.0
HT,891,1.0
HT,892,1.0
HT,893,1.0
HT,894,1.0
HT,895,0.0
HT,896,1.0
HT,897,1.0
HT,898,0.0
HT,899,1.0
HT,900,1.0
HT,901,0.0
HT,902,1.0
HT,903,1.0
HT,904,0.0
HT,905,1.0
HT,906,1.0
HT,907,1.0
HT,908,0.0
HT,909,1.0
HT,910,0.0
HT,911,0.0
HT,912,0.0
HT,913,1.0
HT,914,1.0
HT,915,1.0
HT,916,1.0
HT,917,1.0
HT,918,1.0
HT,919,1.0
HT,920,0.0
HT,921,1.0
HT,922,1.0
HT,923,1.0
HT,924,1.0
HT,925,1.0
HT,926,1.0
HT,927,1.0
HT,928,1.0
HT,929,1.0
